{"players":[{"playerName":"Влад","bestScore":6,"bestTime":84.64593505859375,"currentScore":0,"currentTime":84.64593505859375},{"playerName":"Player2","bestScore":2,"bestTime":90.0,"currentScore":0,"currentTime":0.0},{"playerName":"Юра","bestScore":3,"bestTime":77.17244720458985,"currentScore":0,"currentTime":77.17244720458985},{"playerName":"Софа","bestScore":3,"bestTime":37.788875579833987,"currentScore":0,"currentTime":37.788875579833987}]}